music,Bruno Mars – 24K Magic,2025-12-14,11:44:46
music,Bruno Mars – 24K Magic,2025-12-14,11:44:49
music,Bruno Mars – 24K Magic,2025-12-14,11:44:49
music,Bruno Mars – 24K Magic,2025-12-14,12:33:44
music,Bruno Mars – 24K Magic,2025-12-14,12:33:47
video,How to Push Yourself to be happy even when life is hard,2025-12-14,12:33:58
video,How to Push Yourself to be happy even when life is hard,2025-12-14,12:34:04
video,How To be Happy,2025-12-14,12:34:06
video,You can be happy without changing your life | Cassie Holmes | TEDxManhattanBeach,2025-12-14,12:34:10
book,The Art of Happiness by the Dalai Lama & Howard Cutler,2025-12-14,12:34:20
music,Calm – Weightless,2025-12-14,13:38:23
music,Coldplay – Fix You,2025-12-14,13:38:34
appointment,Appointment for renzo213 - online - $100,2025-12-14,15:14:27
music,Bruno Mars – 24K Magic,2025-12-14,15:15:28
appointment,Appointment for wqd - online - $100,2025-12-14,16:21:12
music,Taylor Swift – 22,2025-12-14,16:30:00
music,Taylor Swift – 22,2025-12-14,16:30:00
music,BTS – Permission to Dance,2025-12-14,16:30:19
music,Bruno Mars – 24K Magic,2025-12-14,17:18:45
music,Bruno Mars – 24K Magic,2025-12-14,17:18:46
music,Bruno Mars – 24K Magic,2025-12-14,17:18:46
video,How To Be Happy & Remove Negative Thoughts in ANY Situation | Tony Robbins,2025-12-14,17:19:00
video,How to Be Happy Every Day: It Will Change the World | Jacqueline Way | TEDxStanleyPark,2025-12-14,17:19:06
music,How to Be Happy Every Day: It Will Change the World | Jacqueline Way | TEDxStanleyPark,2025-12-14,17:19:06
book,The Art of Happiness by the Dalai Lama & Howard Cutler,2025-12-14,17:19:21
appointment,Appointment for renzo - online - $100,2025-12-14,17:22:33
